player_id,player_name
1,Adrian
2,Aguero
3,Alberto 
4,Alessandro  Florenzi
5,Alessio Cerci
6,Alex Chamberlain
7,Alexis Sanchez
8,Angel Di Maria
9,Antoine
10,Antonio Cassano
11,Armindo Bruma
12,Barthez
13,Bernd Leno
14,Bojan
15,Buffon
16,Cafu
17,Carlos Vela
18,Carrick
19,Carvajal
20,Cesc Fabregas
21,Chris Smalling
22,Daley Blind
23,Dani Alves
24,Daniel Sturridge
25,Danny Welbeck
26,David Alaba
27,David De Gea
28,David Villa
29,Diego Coasta
30,Eden Hazard
31,Edin Dzeko
32,Edison Cavani
33,Emiliano
34,Erik Lamela
35,Etienne
36,Evans
37,Ezequiel Lavezzi
38,Ezra Rojas
39,Fabio
40,Fabio Alexandre
41,Ferdinand
42,Filipe luis
43,Fletcher
44,Forrest Bradford
45,Francesco
46,Frank Lampard
47,Fredericka Cleveland
48,Gabriel
49,Gareth Bale
50,George Cross
51,Gerrad Pique
52,Giggs
53,Hernandez
54,Hugo
55,Hugo Lloris
56,Hulk
57,Iker Casillas
58,Ima Hoover
59,Isco
60,Jamea
61,Javier Manquillo
62,Javier Mascherano
63,Jerome Boateng
64,Joe Hart
65,Joel Campbell
66,Jonas
67,Jordi Alba
68,Jose Enrique
69,Juan Isaac
70,Juan Manuel
71,Kayler Navas
72,Lani Hoffman
73,Lindegaard
74,Lucas
75,Lucas Piazon
76,Luis Suarez
77,LuisRonaldo
78,Luke Shaw
79,Manuel Neuer
80,Marcelo
81,Marco
82,Marco Rojo
83,Marcos Junio
84,Mario Balotelli
85,Mario Gomez
86,Mario Gotze
87,Mario Mandzukic
88,Mats Hummels
89,Max Kruse
90,Maximilian
91,Memphis Depay
92,Mertesacker
93,Messi
94,Mesut Ozil
95,Nani
96,Neymar
97,Noah Whitfield
98,Olivier Girioud
99,Oscar
100,Pablo
101,Patrice Evra
102,Paul Scholes
103,Paulo Dybala
104,Pedro
105,Petr Cech
106,Phelan Sampson
107,Phil Jones
108,Philipp Lahm
109,Pires
110,Radamel Falcao
111,Rafael
112,Ramires
113,Raphael Varane
114,Ribery
115,Ricardo
116,Rivaldo
117,Robben
118,Robert Lewandoski
119,Ronaldinho
120,Ronaldo
121,Samir Handanovic
122,Sandro
123,Santiago Arias
124,SebastianGiovinco
125,Sergio Ramos
126,Sirigu
127,Stephan
128,Tallulah Leach
129,Ter Stegen
130,Thiago Alc√¢ntara
131,Thiago Silva
132,Thibaut Courtois
133,Thierry Henry
134,Tim Krul
135,Tomas Kalas
136,Tomas Rosicky
137,Toni Kroos
138,Ulysses Blair
139,Valencia
140,Van Persie
141,Victor Valvdes
142,Vidic
143,Vieri
144,Viktor Fischer
145,Vincent Kompany
146,Vladimir
147,Wayne Rooney
148,Willian
149,Zlatan Ibrahimovic
150,javi Martinez
